-- phpMyAdmin SQL Dump
-- version 5.2.0
-- https://www.phpmyadmin.net/
--
-- Host: 127.0.0.1
-- Generation Time: Jun 01, 2022 at 01:21 PM
-- Server version: 10.4.24-MariaDB
-- PHP Version: 8.1.6

SET SQL_MODE = "NO_AUTO_VALUE_ON_ZERO";
START TRANSACTION;
SET time_zone = "+00:00";


/*!40101 SET @OLD_CHARACTER_SET_CLIENT=@@CHARACTER_SET_CLIENT */;
/*!40101 SET @OLD_CHARACTER_SET_RESULTS=@@CHARACTER_SET_RESULTS */;
/*!40101 SET @OLD_COLLATION_CONNECTION=@@COLLATION_CONNECTION */;
/*!40101 SET NAMES utf8mb4 */;

--
-- Database: `purchart`
--

-- --------------------------------------------------------

--
-- Table structure for table `交易`
--

CREATE TABLE `交易` (
  `會員ID` int(10) NOT NULL,
  `交易編號` varchar(100) NOT NULL,
  `付款方式` varchar(10) NOT NULL,
  `交易時間` date NOT NULL
) ENGINE=InnoDB DEFAULT CHARSET=utf8mb4;

--
-- Dumping data for table `交易`
--

INSERT INTO `交易` (`會員ID`, `交易編號`, `付款方式`, `交易時間`) VALUES
(1, 'T0001', '貨到付款', '2022-01-01'),
(2, 'T0002', '街口之付', '2022-01-02'),
(3, 'T0003', 'Line Pay', '2022-01-03'),
(4, 'T0004', '信用卡', '2022-01-04'),
(5, 'T0005', '轉帳', '2022-01-05'),
(6, 'T0006', '轉帳', '2022-01-06'),
(7, 'T0007', '街口之付', '2022-01-07'),
(8, 'T0008', '信用卡', '2022-01-08'),
(9, 'T0009', '轉帳', '2022-01-09'),
(10, 'T0010', '信用卡', '2022-01-10'),
(11, 'T0011', 'Line Pay', '2022-01-11'),
(12, 'T0012', '信用卡', '2022-01-12'),
(13, 'T0013', '街口之付', '2022-01-13'),
(14, 'T0014', '貨到付款', '2022-01-14'),
(15, 'T0015', '貨到付款', '2022-01-15'),
(16, 'T0016', 'Line Pay', '2022-01-16'),
(17, 'T0017', '街口之付', '2022-01-17'),
(18, 'T0018', '街口之付', '2022-01-18'),
(19, 'T0019', 'Line Pay', '2022-01-19'),
(20, 'T0020', '信用卡', '2022-01-20');

-- --------------------------------------------------------

--
-- Table structure for table `作品`
--

CREATE TABLE `作品` (
  `作品編號` int(100) NOT NULL,
  `會員ID` int(100) NOT NULL,
  `作品名稱` varchar(100) NOT NULL,
  `作品說明` text DEFAULT NULL,
  `創造日期` date NOT NULL,
  `圖片` text NOT NULL,
  `tags` varchar(1000) NOT NULL
) ENGINE=InnoDB DEFAULT CHARSET=utf8mb4;

--
-- Dumping data for table `作品`
--

INSERT INTO `作品` (`作品編號`, `會員ID`, `作品名稱`, `作品說明`, `創造日期`, `圖片`, `tags`) VALUES
(20, 1, '又一個', '哈哈哈', '2022-05-27', 'uploads/6c0f5de888798865b1532534b9fd2dfd.mp4', '#你好'),
(21, 1, '影片', '黑', '2022-05-29', 'uploads/58debccecc6bb5c5a3a9b95c783a90ab.mp4', '#你好'),
(24, 1, '漫畫測試', '嘿嘿', '2022-05-29', 'uploads/86c3fa2c0b616d696689f0ca9283f9e7.webp', ''),
(28, 1, '漫畫測試', '55', '2022-05-29', 'uploads/bf043805732e57ee2ef346005f810e97.jpg', ''),
(31, 1, '休閒', '娛樂', '2022-05-30', 'uploads/b030448158f501030c9094fad1b28e76.jpg', ''),
(32, 2, '心靈雞湯', ' 約翰遜曾經提過，心地善良的人，富於幻想的人比冷酷殘忍的人更容易聚合。這句話看似簡單，卻埋藏了深遠的意義。我們不得不相信，而這些並不是完全重要，更加重要的問題是，文章究竟是怎麼樣的存在，始終是個謎題。富蘭克林在過去曾經講過，選擇朋友要慢，改換朋友要更慢。希望大家能發現話中之話。話雖如此，我們卻也不能夠這麼篤定。每個人都不得不面對這些問題。在面對這種問題時，務必詳細考慮文章的各種可能。如果仔細思考文章，會發現其中蘊含的深遠意義。我們要學會站在別人的角度思考。', '2022-05-30', 'uploads/670fc50387207b821d750864a8d27ef5.png', ''),
(33, 2, '漫畫', '恩', '2022-05-30', 'uploads/828332eba4723c4528cf6ac067bafd25.webp', ''),
(34, 2, '棒', '', '2022-05-30', 'uploads/b816ae90648dec6ff99ab823a171c9e3.jpg', ''),
(35, 2, '黑', '', '2022-05-30', 'uploads/d07d27fdda3cfce96e16a099eb04e5b7.mov', ''),
(37, 1, '心靈雞湯', '', '2022-05-30', 'uploads/ccdb83809e3482c624b817965168a0fb.txt', ''),
(38, 1, '玩樂', '來吧', '2022-05-31', 'uploads/874a1659e9242c7075777dbd0494c40b.jpg', ''),
(39, 1, '玩樂', '來吧', '2022-05-31', 'uploads/ab8ef0dfbef5ac02dd7261bfc97f64a5.jpg', ''),
(40, 1, '玩樂', '來吧', '2022-05-31', 'uploads/06b814fb45cfd3a9da38fa2e56e8e95b.jpg', ''),
(41, 1, '好看哦', '', '2022-05-31', 'uploads/643348cbcebee5153d45788b0e58a90b.webp', ''),
(42, 1, '好看哦', '', '2022-05-31', 'uploads/7db359515f03337be359661918e909e0.webp', ''),
(43, 1, '好看哦', '', '2022-05-31', 'uploads/a63d825661dc83de70b147a02f400078.webp', ''),
(44, 1, '一堆衣服', '', '2022-06-01', 'uploads/f1d55db6d26ec146c67c67156fc3fa3d.jpg', '#你好'),
(45, 1, '飲料好喝', '', '2022-06-01', 'uploads/1523c2f89c8419ec5bbeb9f583244156.jpg', '#你好'),
(46, 1, '度假', '', '2022-06-01', 'uploads/f45c3fa04474da39ffd73f03912db67d.jpg', ''),
(47, 1, '度假', '', '2022-06-01', 'uploads/2bb91c6e4fe2e261c07c4003eecba4b3.jpg', ''),
(48, 1, '度假', '', '2022-06-01', 'uploads/f85b2ae23f4c01da8b61c60dcfd22c53.jpg', ''),
(49, 1, '度假', '', '2022-06-01', 'uploads/c5f7b563c0c42593a9d5acb71f46a59b.jpg', ''),
(50, 1, '度假', '', '2022-06-01', 'uploads/f3714c30df402676543d0e2cc221f41f.jpg', ''),
(51, 1, '度假', '', '2022-06-01', 'uploads/ecd2b3a61dfcc78590752fecaffacd5a.jpg', '');

-- --------------------------------------------------------

--
-- Table structure for table `圖片`
--

CREATE TABLE `圖片` (
  `作品編號` int(11) NOT NULL
) ENGINE=InnoDB DEFAULT CHARSET=utf8mb4;

--
-- Dumping data for table `圖片`
--

INSERT INTO `圖片` (`作品編號`) VALUES
(15),
(16),
(23),
(25),
(26),
(27),
(29),
(30),
(31),
(34),
(38),
(39),
(40),
(44),
(45),
(46),
(47),
(48),
(49),
(50),
(51);

-- --------------------------------------------------------

--
-- Table structure for table `商品`
--

CREATE TABLE `商品` (
  `商品編號` int(100) NOT NULL,
  `會員ID` int(100) NOT NULL,
  `商品種類` varchar(10) NOT NULL,
  `商品名稱` varchar(100) NOT NULL,
  `價格` int(11) NOT NULL,
  `商品數量` int(100) NOT NULL,
  `商品圖片` mediumtext NOT NULL
) ENGINE=InnoDB DEFAULT CHARSET=utf8mb4;

--
-- Dumping data for table `商品`
--

INSERT INTO `商品` (`商品編號`, `會員ID`, `商品種類`, `商品名稱`, `價格`, `商品數量`, `商品圖片`) VALUES
(22, 1, '文章', '很好看的文章1', 300, 320, '1'),
(23, 2, '文章', '很好看的文章2', 250, 421, '1'),
(24, 3, '文章', '很好看的文章3', 450, 452, '1'),
(25, 4, '文章', '很好看的文章4', 340, 321, '1'),
(26, 5, '文章', '很好看的文章5', 238, 313, '1'),
(27, 1, '圖片', '很好看的圖片1', 3323, 3, 'uploads/b816ae90648dec6ff99ab823a171c9e3.jpg'),
(28, 2, '圖片', '很好看的圖片2', 4134, 525, 'uploads/5b87b72f51a961d6872910d0f0a56da6.jpg'),
(29, 3, '圖片', '很好看的圖片3', 4563, 45, 'uploads/b816ae90648dec6ff99ab823a171c9e3.jpg'),
(30, 4, '圖片', '很好看的圖片4', 5632, 54, 'uploads/5b87b72f51a961d6872910d0f0a56da6.jpg'),
(31, 5, '圖片', '很好看的圖片5', 1235, 244, 'uploads/b816ae90648dec6ff99ab823a171c9e3.jpg'),
(32, 1, '影片', '很好看的影片1', 4524, 24, 'uploads/6c0f5de888798865b1532534b9fd2dfd.mp4'),
(33, 12, '影片', '很好看的影片2', 975, 563, 'uploads/6c0f5de888798865b1532534b9fd2dfd.mp5'),
(34, 13, '影片', '很好看的影片3', 6463, 1, 'uploads/6c0f5de888798865b1532534b9fd2dfd.mp6'),
(35, 14, '影片', '很好看的影片4', 4356, 24, 'uploads/6c0f5de888798865b1532534b9fd2dfd.mp7'),
(36, 15, '影片', '很好看的影片5', 5753, 753, 'uploads/6c0f5de888798865b1532534b9fd2dfd.mp8'),
(37, 1, '漫畫', '很好看的漫畫1', 399, 43, 'uploads/64d9e5755c7c472889aba9ee4e4462a5.webp'),
(38, 17, '漫畫', '很好看的漫畫2', 573, 563, 'uploads/64d9e5755c7c472889aba9ee4e4462a5.webp'),
(39, 18, '漫畫', '很好看的漫畫3', 573, 65, 'uploads/64d9e5755c7c472889aba9ee4e4462a5.webp'),
(40, 19, '漫畫', '很好看的漫畫4', 234, 35, 'uploads/64d9e5755c7c472889aba9ee4e4462a5.webp'),
(41, 20, '漫畫', '很好看的漫畫5', 842, 123, 'uploads/64d9e5755c7c472889aba9ee4e4462a5.webp'),
(42, 1, '圖片', '風景', 300, 20, 'uploads/17711213c544a117ae65bec58072c804.jpg'),
(43, 1, '漫畫', '漫畫', 200, 30, 'uploads/6135d0173eadc0e8649f5ca5a3f6b3a5.webp'),
(44, 1, '影片', '影片', 100, 10, 'uploads/11a6466c0266edc11fe3fdab4d5ae2ac.mp4'),
(47, 1, '文章', '人體的奧秘', 200, 20, 'uploads/bea42f94889653b7bc26d69bb5a9a24e.png'),
(48, 1, '圖片', '度假', 300, 60, 'uploads/ca75fd2bafa4371f62b6e2a105e3d511.jpg'),
(49, 1, '圖片', '度假', 300, 60, 'uploads/371e89cfdb4f269c0a0e117daae595fb.jpg'),
(50, 1, '圖片', '度假', 300, 60, 'uploads/7ba1e9f9d486b8f9b42331495d32f684.jpg');

-- --------------------------------------------------------

--
-- Table structure for table `影片`
--

CREATE TABLE `影片` (
  `作品編號` varchar(100) NOT NULL
) ENGINE=InnoDB DEFAULT CHARSET=utf8mb4;

--
-- Dumping data for table `影片`
--

INSERT INTO `影片` (`作品編號`) VALUES
('A0011'),
('A0012'),
('A0013'),
('A0014'),
('A0015'),
('A0024'),
('A0024'),
('A0024'),
('A0025'),
('A0024'),
('A0024'),
('A0030'),
('12'),
('19'),
('20'),
('21'),
('22'),
('35');

-- --------------------------------------------------------

--
-- Table structure for table `會員資料`
--

CREATE TABLE `會員資料` (
  `會員ID` int(100) NOT NULL,
  `身分證字號` varchar(100) NOT NULL,
  `手機號碼` varchar(20) NOT NULL,
  `信箱` varchar(100) NOT NULL,
  `姓名` varchar(100) NOT NULL,
  `職業` varchar(100) NOT NULL,
  `地址` varchar(1000) NOT NULL,
  `說明` text DEFAULT NULL,
  `頭像圖片` text DEFAULT NULL,
  `追蹤` varchar(1000) DEFAULT NULL,
  `密碼` varchar(100) NOT NULL
) ENGINE=InnoDB DEFAULT CHARSET=utf8mb4;

--
-- Dumping data for table `會員資料`
--

INSERT INTO `會員資料` (`會員ID`, `身分證字號`, `手機號碼`, `信箱`, `姓名`, `職業`, `地址`, `說明`, `頭像圖片`, `追蹤`, `密碼`) VALUES
(1, 'I132789051', '0949134543', 'vulifamo@altmails.com', '張俊宇', '會計師', '新竹縣關西鎮力行五街79巷22號', '無話可說', 'icon1.PNG', '1', 'yCUc'),
(2, 'N231468545', '0984835849', 'rabifica@altmails.com', '王牧惠', '演員', '桃園市中壢區新興海埔地五路四段195號', '1', 'icon1.PNG', '1', 'aDBn'),
(3, 'X295894564', '0934932765', 'bifica@altmails.com', '葉昱廷', '財務分析師', '嘉義市西區光州一街四段642號', '1', 'icon1.PNG', '1', 'cf7y'),
(4, 'Y135618261', '0951423217', 'mosecuwi@altmails.com', '郭宜珊', '建築設計師', '臺中市東區榮豐路158巷118號', '1', 'icon1.PNG', '1', 'svuR'),
(5, 'N116554879', '0921518668', 'hoteyera@altmails.com', '鄭德奇', '運動員', '金門縣烏坵鄉富漁二路355弄101號', '1', 'icon1.PNG', '1', '7yR6'),
(6, 'K166338172', '0999645947', 'yuxebeti@altmails.com', '蔡胤宇', '作家', '臺東縣長濱鄉福興八街五段6樓', '1', 'icon1.PNG', '1', 'e2S6'),
(7, 'R196104536', '0941894378', 'nifilida@altmails.com', '吳思妤', '麵包師傅', '桃園市桃園區福營街130號3樓', '1', 'icon1.PNG', '1', '8WmP'),
(8, 'R196156794', '0957932895', 'filida@altmails.com', '陳左貴', '髮型設計師', '臺東縣蘭嶼鄉工業三街418巷28號', '1', 'icon1.PNG', '1', '7Rm4'),
(9, 'D111786113', '0904768521', 'talivupa@altmails.com', '邱欣怡', '行李員', '嘉義市西區福興八路711巷566號', '1', 'icon1.PNG', '1', 'tWEN'),
(10, 'U135240225', '0949296882', 'tutelili@altmails.com', '方俞忠', '酒保', '基隆市安樂區大政路三段382號', '1', 'icon1.PNG', '1', '2Eh2'),
(11, 'U569840225', '0935381439', 'hazosoxo@altmails.com', '陳枝昇', '生物學家', '桃園市中壢區名水街62樓', '1', 'icon1.PNG', '1', 'RxhP'),
(12, 'E152984198', '0909904895', 'nehojepo@altmails.com', '戴文傑', '廣播員', '彰化縣彰化市新興海埔地三路八段174巷25樓', '1', 'icon1.PNG', '1', 'Bddt'),
(13, 'T184610370', '0906456223', 'jojapafo@altmails.com', '鐘美惠', '街頭藝人', '臺中市石岡區稻香五街909號', '1', 'icon1.PNG', '1', 'Bgca'),
(14, 'F270566986', '0970385116', 'xarimohe@altmails.com', '林維倫', '空服員', '彰化縣和美鎮公興街四段769號', '1', 'icon1.PNG', '1', 'gBDc'),
(15, 'Y223595442', '0925062618', 'pokenare@altmails.com', '韓婕妤', '廚師', '南投縣水里鄉大學二十三路124號', '1', 'icon1.PNG', '1', 'HwZ7'),
(16, 'H208601250', '0944209739', 'bedufura@altmails.com', '林國鳳', '編舞家', '屏東縣萬巒鄉鳳楠街二段812號4樓', '1', 'icon1.PNG', '1', 'p2tS'),
(17, 'C181361063', '0972746665', 'wagusabu@altmails.com', '許郁文', '健身教練', '南投縣集集鎮平安南街八段631號3樓', '1', 'icon1.PNG', '1', 'w9Gh'),
(18, 'M222637282', '0998074368', 'nehujelo@altmails.com', '陳佳儀', '收銀員', '臺中市神岡區成德九街六段272號', '1', 'icon1.PNG', '1', 'T3q5'),
(19, 'R118471714', '0985687659', 'daruxoza@altmails.com', '蔡靜怡', '作曲家', '基隆市安樂區中正六街八段107巷8樓', '1', 'icon1.PNG', '1', 'SRR5'),
(20, 'M214823103', '0962997086', 'retepuva@altmails.com', '周涵恆', '獸醫', '屏東縣林邊鄉銅科南街375號5樓', '1', 'icon1.PNG', '1', 'GDen'),
(21, 'D114113452', '0901098262', 'tuxebewa@altmails.com', '許碧木', '心理諮商師', '桃園市觀音區文三一路二段36巷226號5樓', '1', 'icon1.PNG', '1', 'tAbg'),
(22, 'R242203133', '0992094173', 'jisejiju@altmails.com', '韓志遠', '行銷顧問', '嘉義市東區崇德十二街九段599號6樓', '1', 'icon1.PNG', '1', 'ZFFK'),
(23, 'Q232914799', '0959481326', 'bebohisi@altmails.com', '林恭城', '舞者', '臺北市中正區老吸街5巷574號', '1', 'icon1.PNG', '1', 'Xbrv'),
(24, 'I125882949', '0920611611', 'katubepi@altmails.com', '駱宣州', '室內設計師', '桃園市蘆竹區北安三路504號27樓', '1', 'icon1.PNG', '1', 'yVnr'),
(25, 'U281486339', '0969803062', 'bogifonu@altmails.com', '陳瑩盛', '牙醫', '臺東縣關山鎮社斗路九段211號2樓', '1', 'icon1.PNG', '1', 'fMub'),
(26, 'G225835115', '0914545387', 'xacaxime@altmails.com', '林姿菁', '平面設計師', '新竹縣五峰鄉文成北路488號4樓', '1', 'icon1.PNG', '1', 'Kr5t'),
(27, 'F237123138', '0914802962', 'jidibawi@altmails.com', '李宗翰', '計程車司機', '苗栗縣苑裡鎮鹽田街一段116巷44號', '1', 'icon1.PNG', '1', '783W'),
(28, 'A118482197', '0993745298', 'yowoxitu@altmails.com', '陳奕貴', '外科醫生', '嘉義市東區篤信街195號7樓', '1', 'icon1.PNG', '1', '7Eew'),
(29, 'Z239396411', '0962553563', 'gehupapa@altmails.com', '王秋霞', '編輯', '花蓮縣瑞穗鄉花秀路五段87巷74弄2樓', '1', 'icon1.PNG', '1', 'Yg6H'),
(30, 'W282424274', '0986574286', 'veraguwo@altmails.com', '劉允凱', '水電工', '宜蘭縣宜蘭市克武街355巷372號', '1', 'icon1.PNG', '1', '3wZ2'),
(31, 'C164378411', '0943384335', 'raguwo@altmails.com', '林聖秀', '軟體工程師', '基隆市安樂區新興二街68弄271號', '1', 'icon1.PNG', '1', 'P62A'),
(32, 'C292518712', '0911851722', 'wudahido@altmails.com', '楊若幸', '公車司機', '苗栗縣頭屋鄉甲樹路730號9樓', '1', 'icon1.PNG', '1', 'QyEe'),
(33, 'G227388735', '0918436975', 'gibutufu@altmails.com', '劉安天', '農夫', '嘉義縣中埔鄉福壽路756號5樓', '1', 'icon1.PNG', '1', 'rEnR'),
(34, 'V262772133', '0973339301', 'dapekuna@altmails.com', '黃怡秀', '軟體工程師', '臺南市中西區濟生街14號', '1', 'icon1.PNG', '1', 'yrbz'),
(35, 'G282865619', '0956063288', 'mafusara@altmails.com', '陳家瑋', '服裝設計師', '金門縣金城鎮珠浦東路9號', '1', 'icon1.PNG', '1', 'rQxh'),
(36, 'U145628919', '0950111001', 'difufuju@altmails.com', '敖淑芬', '漁夫', '臺中市大雅區秀山三路16號', '1', 'icon1.PNG', '1', 'uFqF'),
(37, 'M154579511', '0998757877', 'muwedode@altmails.com', '連浩堯', '插畫家', '臺東縣成功鎮天津街10號', '1', 'icon1.PNG', '1', 'rCdT'),
(38, 'H282353311', '0975212219', 'woceyavi@altmails.com', '林聖萱', '警察', '桃園市新屋區埔和三路35號', '1', 'icon1.PNG', '1', 'gFup'),
(39, 'N287874944', '0959533834', 'ceyavi@altmails.com', '魏建中', '健身教練', '桃園市中壢區文德路32號', '1', 'icon1.PNG', '1', 'puER'),
(40, 'W153518710', '0938462082', 'watelewi@altmails.com', '邱玉婷', '記者', '苗栗縣苗栗市饒平街22號', '1', 'icon1.PNG', '1', 'Ph93'),
(41, 'T118853316', '0970638487', 'jipesete@altmails.com', '羅景元', '保險業務員', '嘉義縣竹崎鄉頂笨仔35號17樓', '1', 'icon1.PNG', '1', 'hfBd'),
(42, 'I248625677', '0944172828', 'xofiyuje@altmails.com', '白瑋婷', '插畫家', '高雄市旗山區義德街17號', '1', 'icon1.PNG', '1', 'mZVW'),
(43, 'E296324852', '0949357558', 'lelefazu@altmails.com', '曾雅琳', '化妝師', '屏東縣佳冬鄉北興路35號', '1', 'icon1.PNG', '1', '6SZh'),
(44, 'Z214628850', '0976961888', 'yomokuve@altmails.com', '池依婷', '藥劑師', '金門縣金沙鎮東沙尾7號', '1', 'icon1.PNG', '1', 'CWTx'),
(45, 'G128502880', '0995175193', 'bixoruse@altmails.com', '陳昭琪', '音樂家', '臺中市東勢區聚福街5號5樓', '1', 'icon1.PNG', '1', 'bAQF'),
(46, 'C152564925', '0997869666', 'xupexuli@altmails.com', '苗怡雯', '消防人員', '臺中市清水區鰲峰一街14號', '1', 'icon1.PNG', '1', 'axqc'),
(47, 'M251341179', '0966646276', 'rewuneja@altmails.com', '黃良名', '內科醫師', '新北市鶯歌區福隆二街31號15樓', '1', 'icon1.PNG', '1', 'VX3r'),
(48, 'X148746273', '0955507998', 'kobefole@altmails.com', '溫雅惠', '警察', '屏東縣東港鎮文昌街22號', '1', 'icon1.PNG', '1', 'h3tf'),
(49, 'Q243546289', '0926332766', 'jitosewi@altmails.com', '李冠任', '模特兒', '桃園市觀音區中觀路28號', '1', 'icon1.PNG', '1', 'f8CG'),
(50, 'K165227509', '0969834344', 'vececutu@altmails.com', '張盈元', '護士', '高雄市鳳山區八德路27號21樓', '1', 'icon1.PNG', '1', 'rQ43'),
(51, '111', '111', '王予芙', '', '111', '111', '111', '11', '11', '44'),
(52, '111', '111', 'charicewang1234@yahoo.com.tw', '', '111', '111', '111', '11', '11', '44'),
(53, '111', '111', 'char@aaa', '王與福', '111', '111', '111', '11', '11', '11');

-- --------------------------------------------------------

--
-- Table structure for table `文章`
--

CREATE TABLE `文章` (
  `作品編號` varchar(100) NOT NULL
) ENGINE=InnoDB DEFAULT CHARSET=utf8mb4;

--
-- Dumping data for table `文章`
--

INSERT INTO `文章` (`作品編號`) VALUES
('A0001'),
('A0002'),
('A0003'),
('A0004'),
('A0005'),
('A0023'),
('A0023'),
('11'),
('14'),
('32'),
('36'),
('37');

-- --------------------------------------------------------

--
-- Table structure for table `漫畫`
--

CREATE TABLE `漫畫` (
  `作品編號` varchar(100) NOT NULL
) ENGINE=InnoDB DEFAULT CHARSET=utf8mb4;

--
-- Dumping data for table `漫畫`
--

INSERT INTO `漫畫` (`作品編號`) VALUES
('A0016'),
('A0017'),
('A0018'),
('A0019'),
('A0020'),
('A0023'),
('A0024'),
('13'),
('17'),
('18'),
('24'),
('28'),
('33'),
('41'),
('42'),
('43');

-- --------------------------------------------------------

--
-- Table structure for table `留言`
--

CREATE TABLE `留言` (
  `會員ID` int(10) NOT NULL,
  `作品編號` varchar(100) NOT NULL,
  `留言時間` date NOT NULL,
  `留言內容` text NOT NULL
) ENGINE=InnoDB DEFAULT CHARSET=utf8mb4;

--
-- Dumping data for table `留言`
--

INSERT INTO `留言` (`會員ID`, `作品編號`, `留言時間`, `留言內容`) VALUES
(1, 'A0001', '2022-01-11', '無'),
(2, 'A0002', '2022-01-12', '無'),
(3, 'A0003', '2022-01-13', '無'),
(4, 'A0004', '2022-01-14', '無'),
(5, 'A0005', '2022-01-15', '無'),
(6, 'A0006', '2022-01-16', '無'),
(7, 'A0007', '2022-01-17', '無'),
(8, 'A0008', '2022-01-18', '無'),
(9, 'A0009', '2022-01-19', '無'),
(10, 'A0010', '2022-01-20', '無'),
(11, 'A0011', '2022-01-11', '無'),
(12, 'A0012', '2022-01-12', '無'),
(13, 'A0013', '2022-01-13', '無'),
(14, 'A0014', '2022-01-14', '無'),
(15, 'A0015', '2022-01-15', '無'),
(16, 'A0016', '2022-01-16', '無'),
(17, 'A0017', '2022-01-17', '無'),
(18, 'A0018', '2022-01-18', '無'),
(19, 'A0019', '2022-01-19', '無'),
(20, 'A0020', '2022-01-20', '無');

-- --------------------------------------------------------

--
-- Table structure for table `群組`
--

CREATE TABLE `群組` (
  `會員ID` int(10) NOT NULL,
  `群組編號` varchar(100) NOT NULL,
  `創建日期` date NOT NULL,
  `群組名稱` varchar(100) NOT NULL,
  `群組類型` varchar(100) NOT NULL
) ENGINE=InnoDB DEFAULT CHARSET=utf8mb4;

--
-- Dumping data for table `群組`
--

INSERT INTO `群組` (`會員ID`, `群組編號`, `創建日期`, `群組名稱`, `群組類型`) VALUES
(1, 'A', '2022-01-01', '文章愛好者', '文章'),
(2, 'A', '2022-01-01', '文章愛好者', '文章'),
(3, 'A', '2022-01-01', '文章愛好者', '文章'),
(4, 'A', '2022-01-01', '文章愛好者', '文章'),
(5, 'A', '2022-01-01', '文章愛好者', '文章'),
(6, 'B', '2022-02-02', '影片愛好者', '影片'),
(7, 'B', '2022-02-02', '影片愛好者', '影片'),
(8, 'B', '2022-02-02', '影片愛好者', '影片'),
(9, 'B', '2022-02-02', '影片愛好者', '影片'),
(10, 'B', '2022-02-02', '影片愛好者', '影片'),
(11, 'C', '2022-03-03', '漫畫愛好者', '漫畫'),
(12, 'C', '2022-03-03', '漫畫愛好者', '漫畫'),
(13, 'C', '2022-03-03', '漫畫愛好者', '漫畫'),
(14, 'C', '2022-03-03', '漫畫愛好者', '漫畫'),
(15, 'C', '2022-03-03', '漫畫愛好者', '漫畫'),
(16, 'D', '2022-04-04', '圖片愛好者', '圖片'),
(17, 'D', '2022-04-04', '圖片愛好者', '圖片'),
(18, 'D', '2022-04-04', '圖片愛好者', '圖片'),
(19, 'D', '2022-04-04', '圖片愛好者', '圖片'),
(20, 'D', '2022-04-04', '圖片愛好者', '圖片');

-- --------------------------------------------------------

--
-- Table structure for table `買家`
--

CREATE TABLE `買家` (
  `會員ID` int(10) NOT NULL
) ENGINE=InnoDB DEFAULT CHARSET=utf8mb4;

--
-- Dumping data for table `買家`
--

INSERT INTO `買家` (`會員ID`) VALUES
(1),
(2),
(3),
(4),
(5),
(6),
(7),
(8),
(9),
(10),
(11),
(12),
(13),
(14),
(15),
(16),
(17),
(18),
(19),
(20),
(21),
(22),
(23),
(24),
(25),
(26),
(27),
(28),
(29),
(30),
(31),
(32),
(33),
(34),
(35),
(36),
(37),
(38),
(39),
(40),
(41),
(42),
(43),
(44),
(45),
(46),
(47),
(48),
(49),
(50);

-- --------------------------------------------------------

--
-- Table structure for table `賣家`
--

CREATE TABLE `賣家` (
  `會員ID` int(10) NOT NULL
) ENGINE=InnoDB DEFAULT CHARSET=utf8mb4;

--
-- Dumping data for table `賣家`
--

INSERT INTO `賣家` (`會員ID`) VALUES
(1),
(2),
(3),
(4),
(5),
(6),
(7),
(8),
(9),
(10),
(11),
(12),
(13),
(14),
(15),
(16),
(17),
(18),
(19),
(20),
(21),
(22),
(23),
(24),
(25),
(26),
(27),
(28),
(29),
(30),
(31),
(32),
(33),
(34),
(35),
(36),
(37),
(38),
(39),
(40),
(41),
(42),
(43),
(44),
(45),
(46),
(47),
(48),
(49),
(50);

-- --------------------------------------------------------

--
-- Table structure for table `購物車`
--

CREATE TABLE `購物車` (
  `會員ID` int(10) NOT NULL,
  `產生時間` datetime NOT NULL,
  `商品編號` varchar(100) NOT NULL
) ENGINE=InnoDB DEFAULT CHARSET=utf8mb4;

--
-- Dumping data for table `購物車`
--

INSERT INTO `購物車` (`會員ID`, `產生時間`, `商品編號`) VALUES
(1, '2022-01-11 00:00:00', 'B0001'),
(2, '2022-01-12 00:00:00', 'B0002'),
(3, '2022-01-13 00:00:00', 'B0003'),
(4, '2022-01-14 00:00:00', 'B0004'),
(5, '2022-01-15 00:00:00', 'B0005'),
(6, '2022-01-16 00:00:00', 'B0006'),
(7, '2022-01-17 00:00:00', 'B0007'),
(8, '2022-01-18 00:00:00', 'B0008'),
(9, '2022-01-19 00:00:00', 'B0009'),
(10, '2022-01-20 00:00:00', 'B0010'),
(11, '2022-01-11 00:00:00', 'B0011'),
(12, '2022-01-12 00:00:00', 'B0012'),
(13, '2022-01-13 00:00:00', 'B0013'),
(14, '2022-01-14 00:00:00', 'B0014'),
(15, '2022-01-15 00:00:00', 'B0015'),
(16, '2022-01-16 00:00:00', 'B0016'),
(17, '2022-01-17 00:00:00', 'B0017'),
(18, '2022-01-18 00:00:00', 'B0018'),
(19, '2022-01-19 00:00:00', 'B0019'),
(20, '2022-01-20 00:00:00', 'B0020'),
(1, '2022-06-01 00:00:00', '11'),
(1, '2022-06-01 04:53:00', '11'),
(1, '2022-06-01 09:51:00', '37'),
(1, '2022-06-01 09:53:00', '47'),
(1, '2022-06-01 09:53:00', '47'),
(1, '2022-06-01 10:18:00', '37'),
(1, '2022-06-01 12:08:00', '27'),
(1, '2022-06-01 12:08:00', '42');

--
-- Indexes for dumped tables
--

--
-- Indexes for table `交易`
--
ALTER TABLE `交易`
  ADD PRIMARY KEY (`交易編號`);

--
-- Indexes for table `作品`
--
ALTER TABLE `作品`
  ADD PRIMARY KEY (`作品編號`);

--
-- Indexes for table `商品`
--
ALTER TABLE `商品`
  ADD PRIMARY KEY (`商品編號`);

--
-- Indexes for table `會員資料`
--
ALTER TABLE `會員資料`
  ADD PRIMARY KEY (`會員ID`,`身分證字號`,`手機號碼`,`信箱`);

--
-- Indexes for table `群組`
--
ALTER TABLE `群組`
  ADD PRIMARY KEY (`會員ID`);

--
-- Indexes for table `買家`
--
ALTER TABLE `買家`
  ADD PRIMARY KEY (`會員ID`);

--
-- Indexes for table `賣家`
--
ALTER TABLE `賣家`
  ADD PRIMARY KEY (`會員ID`);

--
-- AUTO_INCREMENT for dumped tables
--

--
-- AUTO_INCREMENT for table `作品`
--
ALTER TABLE `作品`
  MODIFY `作品編號` int(100) NOT NULL AUTO_INCREMENT, AUTO_INCREMENT=52;

--
-- AUTO_INCREMENT for table `商品`
--
ALTER TABLE `商品`
  MODIFY `商品編號` int(100) NOT NULL AUTO_INCREMENT, AUTO_INCREMENT=51;

--
-- AUTO_INCREMENT for table `會員資料`
--
ALTER TABLE `會員資料`
  MODIFY `會員ID` int(100) NOT NULL AUTO_INCREMENT, AUTO_INCREMENT=54;

--
-- AUTO_INCREMENT for table `群組`
--
ALTER TABLE `群組`
  MODIFY `會員ID` int(10) NOT NULL AUTO_INCREMENT, AUTO_INCREMENT=21;
COMMIT;

/*!40101 SET CHARACTER_SET_CLIENT=@OLD_CHARACTER_SET_CLIENT */;
/*!40101 SET CHARACTER_SET_RESULTS=@OLD_CHARACTER_SET_RESULTS */;
/*!40101 SET COLLATION_CONNECTION=@OLD_COLLATION_CONNECTION */;
